<?xml version="1.0" encoding="UTF-8" standalone="yes"?>
<addon id="repository.impfootball" name="ImpFootball Repo" version="1.0" provider-name="jeffspi">
	<extension point="xbmc.addon.repository" name="ImpFootball Addon Repository">
		<info compressed="false">https://raw.githubusercontent.com/imoncocaine/Imp/master/addons.xml</info>
		<checksum>https://raw.githubusercontent.com/imoncocaine/Imp/master/addons.xml.md5</checksum>
		<datadir zip="true">https://raw.githubusercontent.com/imoncocaine/Imp/master/zips</datadir>
	</extension>
	<extension point="xbmc.addon.metadata">
		<summary>Install My Addons</summary>
		<description>Download and install addons from jeffspi!</description>
		<platform>all</platform>
	</extension>
</addon>

